種別,アクセスURL,ステータス,リダイレクト有無,リダイレクト先,canonical値,判定,備考
sitemap-misc,https://shira-treat.com/,200,なし,,https://shira-treat.com/,OK,
sitemap-misc,https://shira-treat.com/sitemap.html,200,なし,,,不整合(canonicalタグなし),canonicalタグが検出できない
category-sitemap,https://shira-treat.com/category/musictv/countdown-tv/,200,なし,,,不整合(canonicalタグなし),canonicalタグが検出できない
category-sitemap,https://shira-treat.com/category/musictv/fns/,200,なし,,,不整合(canonicalタグなし),canonicalタグが検出できない
category-sitemap,https://shira-treat.com/category/musictv/maj/,200,なし,,,不整合(canonicalタグなし),canonicalタグが検出できない
category-sitemap,https://shira-treat.com/category/musictv/star/,200,なし,,,不整合(canonicalタグなし),canonicalタグが検出できない
category-sitemap,https://shira-treat.com/category/musictv/music-day/,200,なし,,,不整合(canonicalタグなし),canonicalタグが検出できない
category-sitemap,https://shira-treat.com/category/musictv/with-music/,200,なし,,,不整合(canonicalタグなし),canonicalタグが検出できない
category-sitemap,https://shira-treat.com/category/artist/,200,なし,,,不整合(canonicalタグなし),canonicalタグが検出できない
category-sitemap,https://shira-treat.com/category/timetable/,200,なし,,,不整合(canonicalタグなし),canonicalタグが検出できない
category-sitemap,https://shira-treat.com/category/musictv/tv-tokyo-music-festival/,200,なし,,,不整合(canonicalタグなし),canonicalタグが検出できない
category-sitemap,https://shira-treat.com/category/musictv/best-artist/,200,なし,,,不整合(canonicalタグなし),canonicalタグが検出できない
category-sitemap,https://shira-treat.com/category/musictv/best-hits-music-festival/,200,なし,,,不整合(canonicalタグなし),canonicalタグが検出できない
category-sitemap,https://shira-treat.com/category/musictv/music-station-2/,200,なし,,,不整合(canonicalタグなし),canonicalタグが検出できない
category-sitemap,https://shira-treat.com/category/release/,200,なし,,,不整合(canonicalタグなし),canonicalタグが検出できない
category-sitemap,https://shira-treat.com/category/musictv/record-awards/,200,なし,,,不整合(canonicalタグなし),canonicalタグが検出できない
category-sitemap,https://shira-treat.com/category/musictv/music-awards/,200,なし,,,不整合(canonicalタグなし),canonicalタグが検出できない
category-sitemap,https://shira-treat.com/category/musictv/kouhaku/,200,なし,,,不整合(canonicalタグなし),canonicalタグが検出できない
category-sitemap,https://shira-treat.com/category/musictv/ongakunohi/,200,なし,,,不整合(canonicalタグなし),canonicalタグが検出できない
post-sitemap,https://shira-treat.com/record-awards-2024-guide/,200,なし,,https://shira-treat.com/record-awards-2024-guide/,OK,
post-sitemap,https://shira-treat.com/kohaku-history-timetable/,200,なし,,https://shira-treat.com/kohaku-history-timetable/,OK,
post-sitemap,https://shira-treat.com/besthit-2024-timetable/,200,なし,,https://shira-treat.com/besthit-2024-timetable/,OK,
post-sitemap,https://shira-treat.com/mstation-nov15-lineup/,200,あり,https://shira-treat.com/music-station-timetable/,https://shira-treat.com/music-station-timetable/,OK(301+自己参照canonical),https://shira-treat.com/mstation-nov15-lineup/ -> https://shira-treat.com/music-station-timetable/
post-sitemap,https://shira-treat.com/withmusic-nov16-timetable/,200,あり,https://shira-treat.com/with-music-timetable/,https://shira-treat.com/with-music-timetable/,OK(301+自己参照canonical),https://shira-treat.com/withmusic-nov16-timetable/ -> https://shira-treat.com/with-music-timetable/
post-sitemap,https://shira-treat.com/tvtokyo-1964-2024-timetable/,200,なし,,https://shira-treat.com/tvtokyo-1964-2024-timetable/,OK,
post-sitemap,https://shira-treat.com/mstation-1129-lineup/,200,あり,https://shira-treat.com/music-station-timetable/,https://shira-treat.com/music-station-timetable/,OK(301+自己参照canonical),https://shira-treat.com/mstation-1129-lineup/ -> https://shira-treat.com/music-station-timetable/
post-sitemap,https://shira-treat.com/cdtv-live-1125-timetable/,200,なし,,https://shira-treat.com/cdtv-live-1125-timetable/,OK,
post-sitemap,https://shira-treat.com/snowman-sby-reservation-info/,200,なし,,https://shira-treat.com/snowman-sby-reservation-info/,OK,
post-sitemap,https://shira-treat.com/best-artist-2024-guide/,200,なし,,https://shira-treat.com/best-artist-2024-guide/,OK,
post-sitemap,https://shira-treat.com/with-music-timetable-20241207/,200,あり,https://shira-treat.com/with-music-timetable/,https://shira-treat.com/with-music-timetable/,OK(301+自己参照canonical),https://shira-treat.com/with-music-timetable-20241207/ -> https://shira-treat.com/with-music-timetable/
post-sitemap,https://shira-treat.com/2024-fns-1st-night/,200,なし,,https://shira-treat.com/2024-fns-1st-night/,OK,
post-sitemap,https://shira-treat.com/momoirokouhaku-timetable-2024/,200,なし,,https://shira-treat.com/momoirokouhaku-timetable-2024/,OK,
post-sitemap,https://shira-treat.com/cdtv-timetable-20241209/,200,なし,,https://shira-treat.com/cdtv-timetable-20241209/,OK,
post-sitemap,https://shira-treat.com/2024-fns-2nd-night/,200,なし,,https://shira-treat.com/2024-fns-2nd-night/,OK,
post-sitemap,https://shira-treat.com/venue101-kouhaku-sp/,200,なし,,https://shira-treat.com/venue101-kouhaku-sp/,OK,
post-sitemap,https://shira-treat.com/record-award-2024-timetable/,200,なし,,https://shira-treat.com/record-award-timetable/,不整合(canonicalが第三者URL),canonical=https://shira-treat.com/record-award-timetable/
post-sitemap,https://shira-treat.com/akashiya-kohaku-2024/,200,なし,,https://shira-treat.com/akashiya-kohaku-2024/,OK,
post-sitemap,https://shira-treat.com/ichiban-uta-2024-guide/,200,なし,,https://shira-treat.com/ichiban-uta-2024-guide/,OK,
post-sitemap,https://shira-treat.com/with-music-timetable-1221/,200,あり,https://shira-treat.com/with-music-timetable/,https://shira-treat.com/with-music-timetable/,OK(301+自己参照canonical),https://shira-treat.com/with-music-timetable-1221/ -> https://shira-treat.com/with-music-timetable/
post-sitemap,https://shira-treat.com/cdtv-xmas2024-timetable/,200,なし,,https://shira-treat.com/cdtv-xmas2024-timetable/,OK,
post-sitemap,https://shira-treat.com/cdtv-newyear-2024-2025/,200,なし,,https://shira-treat.com/cdtv-newyear-2024-2025/,OK,
post-sitemap,https://shira-treat.com/kouhaku2024-guest-judges/,200,なし,,https://shira-treat.com/kouhaku2024-guest-judges/,OK,
post-sitemap,https://shira-treat.com/record-awards-2024/,200,なし,,https://shira-treat.com/record-awards-2024/,OK,
post-sitemap,https://shira-treat.com/kouhaku-2024-entries/,200,なし,,https://shira-treat.com/kouhaku-2024-entries/,OK,
post-sitemap,https://shira-treat.com/snow-man-calendar-2025/,200,なし,,https://shira-treat.com/snow-man-calendar-2025/,OK,
post-sitemap,https://shira-treat.com/kouhaku2024-disney-medley/,200,なし,,https://shira-treat.com/kouhaku2024-disney-medley/,OK,
post-sitemap,https://shira-treat.com/rof-mao-momentum/,200,なし,,https://shira-treat.com/rof-mao-momentum/,OK,
post-sitemap,https://shira-treat.com/mste-super-live-2024-timetable/,200,なし,,https://shira-treat.com/mste-super-live-2024-timetable/,OK,
post-sitemap,https://shira-treat.com/kotoshiichiban-2024-timetable/,200,なし,,https://shira-treat.com/kotoshiichiban-timetable/,不整合(canonicalが第三者URL),canonical=https://shira-treat.com/kotoshiichiban-timetable/
post-sitemap,https://shira-treat.com/mst-performance-gp24/,200,なし,,https://shira-treat.com/mst-performance-gp24/,OK,
post-sitemap,https://shira-treat.com/tuki-kouhaku-2024/,200,なし,,https://shira-treat.com/tuki-kouhaku-2024/,OK,
post-sitemap,https://shira-treat.com/kouhaku-2024-timetable/,200,なし,,https://shira-treat.com/kouhaku-2024-timetable/,OK,
post-sitemap,https://shira-treat.com/kouhaku-2024-predictions/,200,なし,,https://shira-treat.com/kouhaku-2024-predictions/,OK,
post-sitemap,https://shira-treat.com/cdtv-timetable-20250120/,200,あり,https://shira-treat.com/cdtv-timetable/,https://shira-treat.com/cdtv-timetable/,OK(301+自己参照canonical),https://shira-treat.com/cdtv-timetable-20250120/ -> https://shira-treat.com/cdtv-timetable/
post-sitemap,https://shira-treat.com/with-music-20250111/,200,あり,https://shira-treat.com/with-music-timetable/,https://shira-treat.com/with-music-timetable/,OK(301+自己参照canonical),https://shira-treat.com/with-music-20250111/ -> https://shira-treat.com/with-music-timetable/
post-sitemap,https://shira-treat.com/strawberry-prince-anan/,200,なし,,https://shira-treat.com/strawberry-prince-anan/,OK,
post-sitemap,https://shira-treat.com/step-out-2025-stray-kids/,200,なし,,https://shira-treat.com/step-out-2025-stray-kids/,OK,
post-sitemap,https://shira-treat.com/mrs-darling-release/,200,なし,,https://shira-treat.com/mrs-darling-release/,OK,
post-sitemap,https://shira-treat.com/mste-2025-01-24/,200,あり,https://shira-treat.com/music-station-timetable/,https://shira-treat.com/music-station-timetable/,OK(301+自己参照canonical),https://shira-treat.com/mste-2025-01-24/ -> https://shira-treat.com/music-station-timetable/
post-sitemap,https://shira-treat.com/twice5-reservation-guide/,200,なし,,https://shira-treat.com/twice5-reservation-guide/,OK,
post-sitemap,https://shira-treat.com/cdtv-2025-jan27-timetable/,200,あり,https://shira-treat.com/cdtv-timetable/,https://shira-treat.com/cdtv-timetable/,OK(301+自己参照canonical),https://shira-treat.com/cdtv-2025-jan27-timetable/ -> https://shira-treat.com/cdtv-timetable/
post-sitemap,https://shira-treat.com/snowman-vinyl-cover-reservation/,200,なし,,https://shira-treat.com/snowman-vinyl-cover-reservation/,OK,
post-sitemap,https://shira-treat.com/king-prince-re-era-dvd-info/,200,なし,,https://shira-treat.com/king-prince-re-era-dvd-info/,OK,
post-sitemap,https://shira-treat.com/with-music-timetable-2-1/,200,あり,https://shira-treat.com/with-music-timetable/,https://shira-treat.com/with-music-timetable/,OK(301+自己参照canonical),https://shira-treat.com/with-music-timetable-2-1/ -> https://shira-treat.com/with-music-timetable/
post-sitemap,https://shira-treat.com/snowworld-dvd-info/,200,なし,,https://shira-treat.com/snowworld-dvd-info/,OK,
post-sitemap,https://shira-treat.com/cdtv-timetable-2-10/,200,あり,https://shira-treat.com/cdtv-timetable/,https://shira-treat.com/cdtv-timetable/,OK(301+自己参照canonical),https://shira-treat.com/cdtv-timetable-2-10/ -> https://shira-treat.com/cdtv-timetable/
post-sitemap,https://shira-treat.com/octpath-home-reserve/,200,なし,,https://shira-treat.com/octpath-home-reserve/,OK,
post-sitemap,https://shira-treat.com/fujitanicole-book-yoyaku/,200,なし,,https://shira-treat.com/fujitanicole-book-yoyaku/,OK,
post-sitemap,https://shira-treat.com/njz-newsong-preorder/,200,なし,,https://shira-treat.com/njz-newsong-preorder/,OK,
post-sitemap,https://shira-treat.com/ikura-piano-performance/,200,なし,,https://shira-treat.com/ikura-piano-performance/,OK,
post-sitemap,https://shira-treat.com/yomii-aniclube-controversy/,200,なし,,https://shira-treat.com/yomii-aniclube-controversy/,OK,
post-sitemap,https://shira-treat.com/yomii-sunglasses-face/,200,なし,,https://shira-treat.com/yomii-sunglasses-face/,OK,
post-sitemap,https://shira-treat.com/watanabe-sora-teppen-gakureki/,200,なし,,https://shira-treat.com/watanabe-sora-teppen-gakureki/,OK,
post-sitemap,https://shira-treat.com/souchan-piano-talent/,200,なし,,https://shira-treat.com/souchan-piano-talent/,OK,
post-sitemap,https://shira-treat.com/notte-stellata-2024/,200,なし,,https://shira-treat.com/notte-stellata-2024/,OK,
post-sitemap,https://shira-treat.com/yamada-ryosuke-album-red/,200,なし,,https://shira-treat.com/yamada-ryosuke-album-red/,OK,
post-sitemap,https://shira-treat.com/nozawa-shiori-piano/,200,なし,,https://shira-treat.com/nozawa-shiori-piano/,OK,
post-sitemap,https://shira-treat.com/sixtones-young-old-dvd/,200,なし,,https://shira-treat.com/sixtones-young-old-dvd/,OK,
post-sitemap,https://shira-treat.com/sixtones-youngold-dvd/,200,なし,,https://shira-treat.com/sixtones-youngold-dvd/,OK,
post-sitemap,https://shira-treat.com/sakuma-ayaka-now/,200,なし,,https://shira-treat.com/sakuma-ayaka-now/,OK,
post-sitemap,https://shira-treat.com/enako-fine-yoyaku/,200,なし,,https://shira-treat.com/enako-fine-yoyaku/,OK,
post-sitemap,https://shira-treat.com/anan-nihonham/,200,なし,,https://shira-treat.com/anan-nihonham/,OK,
post-sitemap,https://shira-treat.com/kamata-natsuki-photobook/,200,なし,,https://shira-treat.com/kamata-natsuki-photobook/,OK,
post-sitemap,https://shira-treat.com/west-wessai-soul-reserve/,200,なし,,https://shira-treat.com/west-wessai-soul-reserve/,OK,
post-sitemap,https://shira-treat.com/numberi-oceans/,200,なし,,https://shira-treat.com/numberi-oceans/,OK,
post-sitemap,https://shira-treat.com/daice-musiam-dvd/,200,なし,,https://shira-treat.com/daice-musiam-dvd/,OK,
post-sitemap,https://shira-treat.com/komefes-timetable/,200,なし,,https://shira-treat.com/komefes-timetable/,OK,
post-sitemap,https://shira-treat.com/komada-sayo-kawaii/,200,なし,,https://shira-treat.com/komada-sayo-kawaii/,OK,
post-sitemap,https://shira-treat.com/aegroup-chameleon/,200,なし,,https://shira-treat.com/aegroup-chameleon/,OK,
post-sitemap,https://shira-treat.com/sixtones-boyz-reserve/,200,なし,,https://shira-treat.com/sixtones-boyz-reserve/,OK,
post-sitemap,https://shira-treat.com/singles-best-buy-guide/,200,なし,,https://shira-treat.com/singles-best-buy-guide/,OK,
post-sitemap,https://shira-treat.com/ueda-novel-reserve/,200,なし,,https://shira-treat.com/ueda-novel-reserve/,OK,
post-sitemap,https://shira-treat.com/ueda-novel-konokoe/,200,なし,,https://shira-treat.com/ueda-novel-konokoe/,OK,
post-sitemap,https://shira-treat.com/anan-west-2445/,200,なし,,https://shira-treat.com/anan-west-2445/,OK,
post-sitemap,https://shira-treat.com/ongakunohi-2025-shikai/,200,なし,,https://shira-treat.com/ongakunohi-2025-shikai/,OK,
post-sitemap,https://shira-treat.com/ongakunohi-2025-shuryo/,200,なし,,https://shira-treat.com/ongakunohi-2025-shuryo/,OK,
post-sitemap,https://shira-treat.com/cdtv-may5-timetable/,200,なし,,https://shira-treat.com/cdtv-may5-timetable/,OK,
post-sitemap,https://shira-treat.com/philosophical-genjibu-name/,200,なし,,https://shira-treat.com/philosophical-genjibu-name/,OK,
post-sitemap,https://shira-treat.com/roirom-name-origin/,200,なし,,https://shira-treat.com/roirom-name-origin/,OK,
post-sitemap,https://shira-treat.com/roirom-agency/,200,なし,,https://shira-treat.com/roirom-agency/,OK,
post-sitemap,https://shira-treat.com/kinpuri-dome-reera/,200,なし,,https://shira-treat.com/kinpuri-dome-reera/,OK,
post-sitemap,https://shira-treat.com/cdtv-timetable-20250512/,200,なし,,https://shira-treat.com/cdtv-timetable-20250512/,OK,
post-sitemap,https://shira-treat.com/cdtv-timetable-20250519/,200,なし,,https://shira-treat.com/cdtv-timetable-20250519/,OK,
post-sitemap,https://shira-treat.com/maj2025-lineup-timetable/,200,なし,,https://shira-treat.com/maj2025-lineup-timetable/,OK,
post-sitemap,https://shira-treat.com/amini-reborn-idols/,200,なし,,https://shira-treat.com/amini-reborn-idols/,OK,
post-sitemap,https://shira-treat.com/reona-end-of-days-guide/,200,なし,,https://shira-treat.com/reona-end-of-days-guide/,OK,
post-sitemap,https://shira-treat.com/cdtv-timetable-20250526/,200,なし,,https://shira-treat.com/cdtv-timetable-20250526/,OK,
post-sitemap,https://shira-treat.com/yamada-red-tour-setlist/,200,なし,,https://shira-treat.com/yamada-red-tour-setlist/,OK,
post-sitemap,https://shira-treat.com/yamadaryosuke-red-report/,200,なし,,https://shira-treat.com/yamadaryosuke-red-report/,OK,
post-sitemap,https://shira-treat.com/cdtv-timetable-20250602/,200,なし,,https://shira-treat.com/cdtv-timetable-20250602/,OK,
post-sitemap,https://shira-treat.com/ongakunohi-viewer-guide/,200,なし,,https://shira-treat.com/ongakunohi-viewer-guide/,OK,
post-sitemap,https://shira-treat.com/themusicday-ticketguide/,200,なし,,https://shira-treat.com/themusicday-ticketguide/,OK,
post-sitemap,https://shira-treat.com/ongakunohi-dancebattle-history/,200,なし,,https://shira-treat.com/ongakunohi-dancebattle-history/,OK,
post-sitemap,https://shira-treat.com/ongaku-chorus-history/,200,なし,,https://shira-treat.com/ongaku-chorus-history/,OK,
post-sitemap,https://shira-treat.com/like-legend-song/,200,なし,,https://shira-treat.com/like-legend-song/,OK,
post-sitemap,https://shira-treat.com/cdtv-timetable-20250623/,200,なし,,https://shira-treat.com/cdtv-timetable-20250623/,OK,
post-sitemap,https://shira-treat.com/sakuramaya-now-profile/,200,なし,,https://shira-treat.com/sakuramaya-now-profile/,OK,
post-sitemap,https://shira-treat.com/taichi-kokubun-scandal/,200,なし,,https://shira-treat.com/taichi-kokubun-scandal/,OK,
post-sitemap,https://shira-treat.com/tereto-ongakusai2025-mc/,200,なし,,https://shira-treat.com/tereto-ongakusai2025-mc/,OK,
post-sitemap,https://shira-treat.com/cdtvlivelive-timetable-2025630/,200,なし,,https://shira-treat.com/cdtvlivelive-timetable-2025630/,OK,
post-sitemap,https://shira-treat.com/fns2025-summer-timetable/,200,なし,,https://shira-treat.com/fns2025-summer-timetable/,OK,
post-sitemap,https://shira-treat.com/cdtvlivelive-timetable-20250707/,200,なし,,https://shira-treat.com/cdtv-timetable/,不整合(canonicalが第三者URL),canonical=https://shira-treat.com/cdtv-timetable/
post-sitemap,https://shira-treat.com/themusicday-timetable2025/,200,なし,,https://shira-treat.com/the-musicday-timetable/,不整合(canonicalが第三者URL),canonical=https://shira-treat.com/the-musicday-timetable/
post-sitemap,https://shira-treat.com/themusicday2025-rapmedley/,200,なし,,https://shira-treat.com/themusicday2025-rapmedley/,OK,
post-sitemap,https://shira-treat.com/andboy-ohashi-kazuya/,200,なし,,https://shira-treat.com/andboy-ohashi-kazuya/,OK,
post-sitemap,https://shira-treat.com/tvtokyo-ongakusai-timetable/,200,なし,,https://shira-treat.com/tvtokyo-ongakusai-timetable/,OK,
post-sitemap,https://shira-treat.com/cdtvlivelive-timetable-20250714/,200,なし,,https://shira-treat.com/cdtvlivelive-timetable-20250714/,OK,
post-sitemap,https://shira-treat.com/music-generation-20250710/,200,なし,,https://shira-treat.com/music-generation-20250710/,OK,
post-sitemap,https://shira-treat.com/tvstation-july19-reserve/,200,なし,,https://shira-treat.com/tvstation-july19-reserve/,OK,
post-sitemap,https://shira-treat.com/mste-summer-fes2025-timetable/,200,なし,,https://shira-treat.com/mste-summer-fes2025-timetable/,OK,
post-sitemap,https://shira-treat.com/sixtones-stargaze/,200,なし,,https://shira-treat.com/sixtones-stargaze/,OK,
post-sitemap,https://shira-treat.com/dancebattle-2025/,200,なし,,https://shira-treat.com/dancebattle-2025/,OK,
post-sitemap,https://shira-treat.com/sixtones-tv-schedule/,200,なし,,https://shira-treat.com/sixtones-tv-schedule/,OK,
post-sitemap,https://shira-treat.com/sixtones-preorder-list/,200,なし,,https://shira-treat.com/sixtones-preorder-list/,OK,
post-sitemap,https://shira-treat.com/snowman-preorder-list/,200,なし,,https://shira-treat.com/snowman-preorder-list/,OK,
post-sitemap,https://shira-treat.com/cdtvlivelive-timetable-20250814/,200,なし,,https://shira-treat.com/cdtv-timetable/,不整合(canonicalが第三者URL),canonical=https://shira-treat.com/cdtv-timetable/
post-sitemap,https://shira-treat.com/jo1-kconla2025/,200,なし,,https://shira-treat.com/jo1-kconla2025/,OK,
post-sitemap,https://shira-treat.com/sora-sota-solo/,200,なし,,https://shira-treat.com/sora-sota-solo/,OK,
post-sitemap,https://shira-treat.com/japanews-dvd-blu-ray/,200,なし,,https://shira-treat.com/japanews-dvd-blu-ray/,OK,
post-sitemap,https://shira-treat.com/honda-marin-photo/,200,なし,,https://shira-treat.com/honda-marin-photo/,OK,
post-sitemap,https://shira-treat.com/cdtvlivelive-timetable-20250818/,200,なし,,https://shira-treat.com/cdtv-timetable/,不整合(canonicalが第三者URL),canonical=https://shira-treat.com/cdtv-timetable/
post-sitemap,https://shira-treat.com/24tv2025-linup/,200,なし,,https://shira-treat.com/24tv2025-linup/,OK,
post-sitemap,https://shira-treat.com/cdtvtimetable-20250901/,200,なし,,https://shira-treat.com/cdtv-timetable/,不整合(canonicalが第三者URL),canonical=https://shira-treat.com/cdtv-timetable/
post-sitemap,https://shira-treat.com/24tv-timetable/,200,なし,,https://shira-treat.com/24tv-timetable/,OK,
post-sitemap,https://shira-treat.com/cdtv-livelive-20250908/,200,なし,,https://shira-treat.com/cdtv-timetable/,不整合(canonicalが第三者URL),canonical=https://shira-treat.com/cdtv-timetable/
post-sitemap,https://shira-treat.com/musicstation-20250905/,200,なし,,https://shira-treat.com/musicstation-20250905/,OK,
post-sitemap,https://shira-treat.com/musicstation-20250919/,200,なし,,https://shira-treat.com/musicstation-20250919/,OK,
post-sitemap,https://shira-treat.com/kouhaku-kanran/,200,なし,,https://shira-treat.com/kouhaku-kanran/,OK,
post-sitemap,https://shira-treat.com/cdtv-livelive-20250929/,200,なし,,https://shira-treat.com/cdtv-timetable/,不整合(canonicalが第三者URL),canonical=https://shira-treat.com/cdtv-timetable/
post-sitemap,https://shira-treat.com/kouhaku-streaming/,200,なし,,https://shira-treat.com/kouhaku-streaming/,OK,
post-sitemap,https://shira-treat.com/matsumura-hokuto-classy/,200,なし,,https://shira-treat.com/matsumura-hokuto-classy/,OK,
post-sitemap,https://shira-treat.com/perfume-nhk2025/,200,なし,,https://shira-treat.com/perfume-nhk2025/,OK,
post-sitemap,https://shira-treat.com/kouhaku-prediction/,200,なし,,https://shira-treat.com/kouhaku-prediction/,OK,
post-sitemap,https://shira-treat.com/cdtv-livelive-20251006/,200,なし,,https://shira-treat.com/cdtv-timetable/,不整合(canonicalが第三者URL),canonical=https://shira-treat.com/cdtv-timetable/
post-sitemap,https://shira-treat.com/cdtv-livelive-20251020/,200,なし,,https://shira-treat.com/cdtv-timetable/,不整合(canonicalが第三者URL),canonical=https://shira-treat.com/cdtv-timetable/
post-sitemap,https://shira-treat.com/musicstation-20251017/,200,なし,,https://shira-treat.com/music-station-timetable/,不整合(canonicalが第三者URL),canonical=https://shira-treat.com/music-station-timetable/
post-sitemap,https://shira-treat.com/ado-hamorigaman/,200,なし,,https://shira-treat.com/ado-hamorigaman/,OK,
post-sitemap,https://shira-treat.com/musicstation-20251024/,200,なし,,https://shira-treat.com/music-station-timetable/,不整合(canonicalが第三者URL),canonical=https://shira-treat.com/music-station-timetable/
post-sitemap,https://shira-treat.com/arashikai2025/,200,なし,,https://shira-treat.com/arashikai2025/,OK,
post-sitemap,https://shira-treat.com/aiscream-kouhaku/,200,なし,,https://shira-treat.com/aiscream-kouhaku/,OK,
post-sitemap,https://shira-treat.com/cdtv-livelive-20251027/,200,なし,,https://shira-treat.com/cdtv-timetable/,不整合(canonicalが第三者URL),canonical=https://shira-treat.com/cdtv-timetable/
post-sitemap,https://shira-treat.com/ytv-invitation/,200,なし,,https://shira-treat.com/ytv-invitation/,OK,
post-sitemap,https://shira-treat.com/imp-magenter-album/,200,なし,,https://shira-treat.com/imp-magenter-album/,OK,
post-sitemap,https://shira-treat.com/cdtv-livelive-20251103/,200,なし,,https://shira-treat.com/cdtv-timetable/,不整合(canonicalが第三者URL),canonical=https://shira-treat.com/cdtv-timetable/
post-sitemap,https://shira-treat.com/twice-lovelys-ehon/,200,なし,,https://shira-treat.com/twice-lovelys-ehon/,OK,
post-sitemap,https://shira-treat.com/genjibu-johakyu-bluray/,200,なし,,https://shira-treat.com/genjibu-johakyu-bluray/,OK,
post-sitemap,https://shira-treat.com/kouhaku-announcement/,200,なし,,https://shira-treat.com/kouhaku-announcement/,OK,
post-sitemap,https://shira-treat.com/musicstation-20251114/,200,なし,,https://shira-treat.com/music-station-timetable/,不整合(canonicalが第三者URL),canonical=https://shira-treat.com/music-station-timetable/
post-sitemap,https://shira-treat.com/cdtv-livelive-20251117/,200,なし,,https://shira-treat.com/cdtv-timetable/,不整合(canonicalが第三者URL),canonical=https://shira-treat.com/cdtv-timetable/
post-sitemap,https://shira-treat.com/besthit-kayousai-timetable/,200,なし,,https://shira-treat.com/besthit-kayousai-timetable/,OK,
post-sitemap,https://shira-treat.com/musicstation-20251128/,200,なし,,https://shira-treat.com/music-station-timetable/,不整合(canonicalが第三者URL),canonical=https://shira-treat.com/music-station-timetable/
post-sitemap,https://shira-treat.com/cdtv-livelive-20251201/,200,なし,,https://shira-treat.com/cdtv-timetable/,不整合(canonicalが第三者URL),canonical=https://shira-treat.com/cdtv-timetable/
post-sitemap,https://shira-treat.com/record-award-predictions/,200,なし,,https://shira-treat.com/record-award-predictions/,OK,
post-sitemap,https://shira-treat.com/with-music-end/,200,なし,,https://shira-treat.com/with-music-end/,OK,
post-sitemap,https://shira-treat.com/mste-miss-views/,200,なし,,https://shira-treat.com/mste-miss-views/,OK,
post-sitemap,https://shira-treat.com/kouhaku-milk-time/,200,なし,,https://shira-treat.com/nhk-kouhaku-timetable/,不整合(canonicalが第三者URL),canonical=https://shira-treat.com/nhk-kouhaku-timetable/
post-sitemap,https://shira-treat.com/bestartist-shuffle-medley/,200,なし,,https://shira-treat.com/bestartist-shuffle-medley/,OK,
post-sitemap,https://shira-treat.com/bestartist-sixtones/,200,なし,,https://shira-treat.com/bestartist-sixtones/,OK,
post-sitemap,https://shira-treat.com/bestartist-timetable/,200,なし,,https://shira-treat.com/bestartist-timetable/,OK,
post-sitemap,https://shira-treat.com/kouhaku-illit/,200,なし,,https://shira-treat.com/nhk-kouhaku-timetable/,不整合(canonicalが第三者URL),canonical=https://shira-treat.com/nhk-kouhaku-timetable/
post-sitemap,https://shira-treat.com/fnskayousai-20251203/,200,なし,,https://shira-treat.com/fnskayousai-timetable/,不整合(canonicalが第三者URL),canonical=https://shira-treat.com/fnskayousai-timetable/
post-sitemap,https://shira-treat.com/kouhaku-naitei/,200,なし,,https://shira-treat.com/kouhaku-naitei/,OK,
post-sitemap,https://shira-treat.com/kouhaku-andteam/,200,なし,,https://shira-treat.com/nhk-kouhaku-timetable/,不整合(canonicalが第三者URL),canonical=https://shira-treat.com/nhk-kouhaku-timetable/
post-sitemap,https://shira-treat.com/kouhaku-kingandprince/,200,なし,,https://shira-treat.com/nhk-kouhaku-timetable/,不整合(canonicalが第三者URL),canonical=https://shira-treat.com/nhk-kouhaku-timetable/
post-sitemap,https://shira-treat.com/kouhaku-sixtones/,200,なし,,https://shira-treat.com/nhk-kouhaku-timetable/,不整合(canonicalが第三者URL),canonical=https://shira-treat.com/nhk-kouhaku-timetable/
post-sitemap,https://shira-treat.com/fnskayousai-20251210/,200,なし,,https://shira-treat.com/fnskayousai-timetable/,不整合(canonicalが第三者URL),canonical=https://shira-treat.com/fnskayousai-timetable/
post-sitemap,https://shira-treat.com/kouhaku-akb48/,200,なし,,https://shira-treat.com/nhk-kouhaku-timetable/,不整合(canonicalが第三者URL),canonical=https://shira-treat.com/nhk-kouhaku-timetable/
post-sitemap,https://shira-treat.com/cdtv-xmasfes-1215/,200,なし,,https://shira-treat.com/cdtv-timetable/,不整合(canonicalが第三者URL),canonical=https://shira-treat.com/cdtv-timetable/
post-sitemap,https://shira-treat.com/superlive-20251226/,200,なし,,https://shira-treat.com/music-station-timetable/,不整合(canonicalが第三者URL),canonical=https://shira-treat.com/music-station-timetable/
post-sitemap,https://shira-treat.com/toshiwasure-timetable/,200,なし,,https://shira-treat.com/toshiwasure-timetable/,OK,
post-sitemap,https://shira-treat.com/cdtvxmas-ranking-20251222/,200,なし,,https://shira-treat.com/cdtv-timetable/,不整合(canonicalが第三者URL),canonical=https://shira-treat.com/cdtv-timetable/
post-sitemap,https://shira-treat.com/kotoshiichiban-timetable/,200,なし,,https://shira-treat.com/kotoshiichiban-timetable/,OK,
post-sitemap,https://shira-treat.com/mrsgreenapple-kouhaku/,200,なし,,https://shira-treat.com/nhk-kouhaku-timetable/,不整合(canonicalが第三者URL),canonical=https://shira-treat.com/nhk-kouhaku-timetable/
post-sitemap,https://shira-treat.com/kouhaku-number_i/,200,なし,,https://shira-treat.com/kouhaku-number_i/,OK,
post-sitemap,https://shira-treat.com/momoiro-timetable/,200,なし,,https://shira-treat.com/momoiro-timetable/,OK,
post-sitemap,https://shira-treat.com/record-award-timetable/,200,なし,,https://shira-treat.com/record-award-timetable/,OK,
post-sitemap,https://shira-treat.com/cdtv-countdown/,200,なし,,https://shira-treat.com/cdtv-timetable/,不整合(canonicalが第三者URL),canonical=https://shira-treat.com/cdtv-timetable/
post-sitemap,https://shira-treat.com/bakusho-hitparade/,200,なし,,https://shira-treat.com/bakusho-hitparade/,OK,
post-sitemap,https://shira-treat.com/nhk-kouhaku-timetable/,200,なし,,https://shira-treat.com/nhk-kouhaku-timetable/,OK,
post-sitemap,https://shira-treat.com/cdtv-livelive-20260119/,200,なし,,https://shira-treat.com/cdtv-timetable/,不整合(canonicalが第三者URL),canonical=https://shira-treat.com/cdtv-timetable/
post-sitemap,https://shira-treat.com/an-julia-graduation/,200,なし,,https://shira-treat.com/an-julia-graduation/,OK,
post-sitemap,https://shira-treat.com/anjulia-graduation-ticket/,200,なし,,https://shira-treat.com/anjulia-graduation-ticket/,OK,
post-sitemap,https://shira-treat.com/musicstation-20260130/,200,なし,,https://shira-treat.com/music-station-timetable/,不整合(canonicalが第三者URL),canonical=https://shira-treat.com/music-station-timetable/
post-sitemap,https://shira-treat.com/cdtv-livelive-20260126/,200,なし,,https://shira-treat.com/cdtv-livelive-20260126/,OK,
post-sitemap,https://shira-treat.com/musicstation-20260116/,200,なし,,https://shira-treat.com/music-station-timetable/,不整合(canonicalが第三者URL),canonical=https://shira-treat.com/music-station-timetable/
post-sitemap,https://shira-treat.com/cdtv-livelive-20260202/,200,なし,,https://shira-treat.com/cdtv-timetable/,不整合(canonicalが第三者URL),canonical=https://shira-treat.com/cdtv-timetable/
post-sitemap,https://shira-treat.com/cdtv-livelive-20260216/,200,なし,,https://shira-treat.com/cdtv-timetable/,不整合(canonicalが第三者URL),canonical=https://shira-treat.com/cdtv-timetable/
post-sitemap,https://shira-treat.com/cdtv-livelive-20260309/,200,なし,,https://shira-treat.com/cdtv-timetable/,不整合(canonicalが第三者URL),canonical=https://shira-treat.com/cdtv-timetable/
post-sitemap,https://shira-treat.com/musicstation-20260227/,200,なし,,https://shira-treat.com/music-station-timetable/,不整合(canonicalが第三者URL),canonical=https://shira-treat.com/music-station-timetable/
post-sitemap,https://shira-treat.com/with-music-timetable/,200,なし,,https://shira-treat.com/with-music-timetable/,OK,
post-sitemap,https://shira-treat.com/musicstation-20260306/,200,なし,,https://shira-treat.com/music-station-timetable/,不整合(canonicalが第三者URL),canonical=https://shira-treat.com/music-station-timetable/
post-sitemap,https://shira-treat.com/musicstation-20260313/,200,なし,,https://shira-treat.com/music-station-timetable/,不整合(canonicalが第三者URL),canonical=https://shira-treat.com/music-station-timetable/
post-sitemap,https://shira-treat.com/cdtv-livelive-20260316/,200,なし,,https://shira-treat.com/cdtv-livelive-20260316/,OK,
post-sitemap,https://shira-treat.com/cdtv-haru-2026/,200,なし,,https://shira-treat.com/cdtv-haru-2026/,OK,
post-sitemap,https://shira-treat.com/musicstation-20260403/,200,なし,,https://shira-treat.com/music-station-timetable/,不整合(canonicalが第三者URL),canonical=https://shira-treat.com/music-station-timetable/
post-sitemap,https://shira-treat.com/cdtv-livelive-20260330/,200,なし,,https://shira-treat.com/cdtv-timetable/,不整合(canonicalが第三者URL),canonical=https://shira-treat.com/cdtv-timetable/
post-sitemap,https://shira-treat.com/cdtv-livelive-20260406/,200,なし,,https://shira-treat.com/cdtv-timetable/,不整合(canonicalが第三者URL),canonical=https://shira-treat.com/cdtv-timetable/
post-sitemap,https://shira-treat.com/ongakunohi-2026-timetable/,200,あり,https://shira-treat.com/ongakunohi-timetable/,https://shira-treat.com/ongakunohi-2026-timetable/,OK,
post-sitemap,https://shira-treat.com/cdtv-livelive-20260420/,200,なし,,https://shira-treat.com/cdtv-timetable/,不整合(canonicalが第三者URL),canonical=https://shira-treat.com/cdtv-timetable/
post-sitemap,https://shira-treat.com/musicstation-20260417/,200,なし,,https://shira-treat.com/music-station-timetable/,不整合(canonicalが第三者URL),canonical=https://shira-treat.com/music-station-timetable/
post-sitemap,https://shira-treat.com/musicstation-20260508/,200,なし,,https://shira-treat.com/music-station-timetable/,不整合(canonicalが第三者URL),canonical=https://shira-treat.com/music-station-timetable/
post-sitemap,https://shira-treat.com/cdtv-livelive-20260427/,200,なし,,https://shira-treat.com/cdtv-timetable/,不整合(canonicalが第三者URL),canonical=https://shira-treat.com/cdtv-timetable/
post-sitemap,https://shira-treat.com/maj-guide/,200,なし,,https://shira-treat.com/maj-guide/,OK,
post-sitemap,https://shira-treat.com/cdtv-livelive-20260511/,200,なし,,https://shira-treat.com/cdtv-livelive-20260511/,OK,
post-sitemap,https://shira-treat.com/music-station-may/,200,なし,,https://shira-treat.com/music-station-may/,OK,
post-sitemap,https://shira-treat.com/cdtv-2026may/,200,なし,,https://shira-treat.com/cdtv-2026may/,OK,
post-sitemap,https://shira-treat.com/cdtv-2026june/,200,なし,,https://shira-treat.com/cdtv-2026june/,OK,
post-sitemap,https://shira-treat.com/music-awards-japan-2026/,200,なし,,https://shira-treat.com/music-awards-japan-2026/,OK,
post-sitemap,https://shira-treat.com/music-station-june/,200,なし,,https://shira-treat.com/music-station-june/,OK,
post-sitemap,https://shira-treat.com/teretoongakusai-timetable/,200,なし,,https://shira-treat.com/teretoongakusai-timetable/,OK,
post-sitemap,https://shira-treat.com/fnskayousai-timetable/,200,なし,,https://shira-treat.com/fnskayousai-timetable/,OK,
post-sitemap,https://shira-treat.com/musicday-shuffle-medley/,200,なし,,https://shira-treat.com/musicday-shuffle-medley/,OK,
post-sitemap,https://shira-treat.com/the-musicday-timetable/,200,なし,,https://shira-treat.com/the-musicday-timetable/,OK,
post-sitemap,https://shira-treat.com/star-timetable/,200,なし,,https://shira-treat.com/star-timetable/,OK,
post-sitemap,https://shira-treat.com/ongakunohi-timetable/,200,なし,,https://shira-treat.com/ongakunohi-2026-timetable/,不整合(canonical循環/エラー),canonical先がさらにリダイレクト -> https://shira-treat.com/ongakunohi-timetable/
post-sitemap,https://shira-treat.com/dream-dance/,200,なし,,https://shira-treat.com/dream-dance/,OK,
post-sitemap,https://shira-treat.com/cdtv-timetable/,200,なし,,https://shira-treat.com/cdtv-timetable/,OK,
post-sitemap,https://shira-treat.com/cdtv-2026july/,200,なし,,https://shira-treat.com/cdtv-2026july/,OK,
post-sitemap,https://shira-treat.com/musicstation-2026july/,200,なし,,https://shira-treat.com/musicstation-2026july/,OK,
post-sitemap,https://shira-treat.com/music-station-timetable/,200,なし,,https://shira-treat.com/music-station-timetable/,OK,
post-sitemap,https://shira-treat.com/utacon-timetable/,200,なし,,https://shira-treat.com/utacon-timetable/,OK,
page-sitemap,https://shira-treat.com/privacy-policy/,200,なし,,https://shira-treat.com/privacy-policy/,OK,
page-sitemap,https://shira-treat.com/contact/,200,なし,,https://shira-treat.com/contact/,OK,
page-sitemap,https://shira-treat.com/operator-information/,200,なし,,https://shira-treat.com/operator-information/,OK,
page-sitemap,https://shira-treat.com/media/,200,なし,,https://shira-treat.com/media/,OK,
page-sitemap,https://shira-treat.com/new/,200,なし,,,不整合(canonicalタグなし),canonicalタグが検出できない
